"Product SKU",Status
/,"No image match found"
1062309,"No image match found"
107303601,"No image match found"
107478101,"No image match found"
107502801,"No image match found"
107585301,"No image match found"
107585601,"No image match found"
107586401,"No image match found"
107586901,"No image match found"
107625501,"No image match found"
107625601,"No image match found"
107625701,"No image match found"
107626101,"No image match found"
107626201,"No image match found"
107626501,"No image match found"
107626701,"No image match found"
107627001,"No image match found"
107627301,"No image match found"
107628001,"No image match found"
107628201,"No image match found"
107629301,"No image match found"
107629401,"No image match found"
107629501,"No image match found"
107651201,"No image match found"
107651601,"No image match found"
107653201,"No image match found"
107653601,"No image match found"
107654001,"No image match found"
107678001,"No image match found"
107894601,"No image match found"
107895101,"No image match found"
107895401,"No image match found"
107947701,"No image match found"
107981601,"No image match found"
107981801,"No image match found"
107984601,"No image match found"
107999501,"No image match found"
107999601,"No image match found"
107999701,"No image match found"
108019301,"No image match found"
108856101,"No image match found"
108857201,"No image match found"
108878101,"No image match found"
108940901,"No image match found"
1101503,"No image match found"
1101603,"No image match found"
110283501,"No image match found"
110399301,"No image match found"
110480401,"No image match found"
1115811,"No image match found"
111822634,"No image match found"
111822635,"No image match found"
111822645,"No image match found"
111822647,"No image match found"
111822648,"No image match found"
111823436,"No image match found"
111823623,"No image match found"
111824408,"No image match found"
111826578,"No image match found"
111826579,"No image match found"
111826595,"No image match found"
111826614,"No image match found"
1131903,"No image match found"
1140590976,"No image match found"
1140590978,"No image match found"
1140591011,"No image match found"
1140591012,"No image match found"
1140591213,"No image match found"
1140591215,"No image match found"
1140591553,"No image match found"
1140591587,"No image match found"
1140592258,"No image match found"
1140592279,"No image match found"
1140592280,"No image match found"
1140592281,"No image match found"
1140592283,"No image match found"
1140592284,"No image match found"
1140592285,"No image match found"
1140592286,"No image match found"
1140592287,"No image match found"
1140592288,"No image match found"
1140592289,"No image match found"
1140592290,"No image match found"
1140592484,"No image match found"
1140593807,"No image match found"
1140597340,"No image match found"
1140599753,"No image match found"
1140599754,"No image match found"
1140599755,"No image match found"
1140599756,"No image match found"
1140599757,"No image match found"
1140599758,"No image match found"
1140599759,"No image match found"
1140599760,"No image match found"
1140599761,"No image match found"
1140599762,"No image match found"
1140599763,"No image match found"
1140599764,"No image match found"
1140599765,"No image match found"
1140599766,"No image match found"
1140599767,"No image match found"
1140599768,"No image match found"
1140599769,"No image match found"
1140599880,"No image match found"
1140599881,"No image match found"
1140599882,"No image match found"
1140599883,"No image match found"
1140599884,"No image match found"
1140601225,"No image match found"
1140602535,"No image match found"
1140602536,"No image match found"
1140602537,"No image match found"
1140602538,"No image match found"
1140602539,"No image match found"
1140602541,"No image match found"
1140602542,"No image match found"
1140602543,"No image match found"
1140602544,"No image match found"
1140602545,"No image match found"
1140602546,"No image match found"
1140602547,"No image match found"
1140602548,"No image match found"
1140602549,"No image match found"
1140602574,"No image match found"
1140602575,"No image match found"
1140602577,"No image match found"
1140602582,"No image match found"
1140602584,"No image match found"
1140602596,"No image match found"
1140602597,"No image match found"
1140602598,"No image match found"
1140602599,"No image match found"
1140602600,"No image match found"
1140602606,"No image match found"
1140602608,"No image match found"
1140602630,"No image match found"
1140603105,"No image match found"
1140606054,"No image match found"
1140607513,"No image match found"
1140612375,"No image match found"
1140612376,"No image match found"
1140612377,"No image match found"
1140612378,"No image match found"
1140612411,"No image match found"
1140612413,"No image match found"
1140619017,"No image match found"
1140619034,"No image match found"
1140619069,"No image match found"
1140619071,"No image match found"
1140619106,"No image match found"
1140619109,"No image match found"
1140619111,"No image match found"
1140619112,"No image match found"
1140619113,"No image match found"
1140619117,"No image match found"
1140619118,"No image match found"
1140619119,"No image match found"
1140621402,"No image match found"
1140621404,"No image match found"
1140621405,"No image match found"
1140621435,"No image match found"
1140621436,"No image match found"
1140621543,"No image match found"
1140622609,"No image match found"
1140622610,"No image match found"
1140622611,"No image match found"
1140622612,"No image match found"
1140622613,"No image match found"
1140622634,"No image match found"
1140623842,"No image match found"
1140623843,"No image match found"
1140624481,"No image match found"
1140624561,"No image match found"
1140624562,"No image match found"
1140625927,"No image match found"
1140625929,"No image match found"
1140625935,"No image match found"
1140625938,"No image match found"
1140625940,"No image match found"
1140625941,"No image match found"
1140626041,"No image match found"
1140626055,"No image match found"
1140626056,"No image match found"
1140626159,"No image match found"
1140626174,"No image match found"
1140626175,"No image match found"
1140626475,"No image match found"
1140626476,"No image match found"
1140626478,"No image match found"
1140626480,"No image match found"
1140626481,"No image match found"
1140627209,"No image match found"
1140627220,"No image match found"
1140627221,"No image match found"
1140627828,"No image match found"
1140627829,"No image match found"
1140628682,"No image match found"
1140628683,"No image match found"
1140629856,"No image match found"
1140629857,"No image match found"
1140629858,"No image match found"
1140629859,"No image match found"
1140629860,"No image match found"
1140629861,"No image match found"
1140629862,"No image match found"
1140629863,"No image match found"
1140629864,"No image match found"
1140629865,"No image match found"
1140630679,"No image match found"
1140631857,"No image match found"
1140631858,"No image match found"
1140631862,"No image match found"
1140631863,"No image match found"
1140631865,"No image match found"
1140631866,"No image match found"
1140631868,"No image match found"
1140631869,"No image match found"
1140631870,"No image match found"
1140631872,"No image match found"
1140631873,"No image match found"
1140631874,"No image match found"
1140631876,"No image match found"
1140631877,"No image match found"
1140631878,"No image match found"
1140631879,"No image match found"
1140631880,"No image match found"
1140631882,"No image match found"
1140631883,"No image match found"
1140631884,"No image match found"
1140631885,"No image match found"
1140631887,"No image match found"
1140631888,"No image match found"
1140631891,"No image match found"
1140632023,"No image match found"
1140632107,"No image match found"
1140632121,"No image match found"
1140632125,"No image match found"
1140632130,"No image match found"
1140632131,"No image match found"
1140632155,"No image match found"
1140632156,"No image match found"
1140632157,"No image match found"
1140632158,"No image match found"
1140632159,"No image match found"
1140632165,"No image match found"
1140632166,"No image match found"
1140632167,"No image match found"
1140632169,"No image match found"
1140632170,"No image match found"
1140632171,"No image match found"
1140632172,"No image match found"
1140632173,"No image match found"
1140632174,"No image match found"
1140632175,"No image match found"
1140632176,"No image match found"
1140632177,"No image match found"
1140632178,"No image match found"
1140632179,"No image match found"
1140632180,"No image match found"
1140632194,"No image match found"
1140632197,"No image match found"
1140632198,"No image match found"
1140632199,"No image match found"
1140632200,"No image match found"
1140632201,"No image match found"
1140632202,"No image match found"
1140632203,"No image match found"
1140632204,"No image match found"
1140632205,"No image match found"
1140632214,"No image match found"
1140632215,"No image match found"
1140632216,"No image match found"
1140632217,"No image match found"
1140632218,"No image match found"
1140632219,"No image match found"
1140632220,"No image match found"
1140632221,"No image match found"
1140632222,"No image match found"
1140632223,"No image match found"
1140632224,"No image match found"
1140632225,"No image match found"
1140632226,"No image match found"
1140632227,"No image match found"
1140632228,"No image match found"
1140632229,"No image match found"
1140632230,"No image match found"
1140632231,"No image match found"
1140632232,"No image match found"
1140632233,"No image match found"
1140632234,"No image match found"
1140632235,"No image match found"
1140632236,"No image match found"
1140632237,"No image match found"
1140632238,"No image match found"
1140632239,"No image match found"
1140632240,"No image match found"
1140632241,"No image match found"
1140632242,"No image match found"
1140632243,"No image match found"
1140632244,"No image match found"
1140632245,"No image match found"
1140632246,"No image match found"
1140632247,"No image match found"
1140632248,"No image match found"
1140632249,"No image match found"
1140632250,"No image match found"
1140632251,"No image match found"
1140632252,"No image match found"
1140632253,"No image match found"
1140632254,"No image match found"
1140632255,"No image match found"
1140632256,"No image match found"
1140632257,"No image match found"
1140632258,"No image match found"
1140632259,"No image match found"
1140632260,"No image match found"
1140632261,"No image match found"
1140632262,"No image match found"
1140632263,"No image match found"
1140632264,"No image match found"
1140632265,"No image match found"
1140632266,"No image match found"
1140632267,"No image match found"
1140632268,"No image match found"
1140632269,"No image match found"
1140632270,"No image match found"
1140632271,"No image match found"
1140632272,"No image match found"
1140632273,"No image match found"
1140632274,"No image match found"
1140632275,"No image match found"
1140632276,"No image match found"
1140632277,"No image match found"
1140632278,"No image match found"
1140632279,"No image match found"
1140632280,"No image match found"
1140632281,"No image match found"
1140632282,"No image match found"
1140632283,"No image match found"
1140632284,"No image match found"
1140632285,"No image match found"
1140632286,"No image match found"
1140632287,"No image match found"
1140632288,"No image match found"
1140632289,"No image match found"
1140632290,"No image match found"
1140632291,"No image match found"
1140632292,"No image match found"
1140632293,"No image match found"
1140632294,"No image match found"
1140632295,"No image match found"
1140632296,"No image match found"
1140632297,"No image match found"
1140632298,"No image match found"
1140632299,"No image match found"
1140632300,"No image match found"
1140632301,"No image match found"
1140632302,"No image match found"
1140632303,"No image match found"
1140632304,"No image match found"
1140632305,"No image match found"
1140632306,"No image match found"
1140632307,"No image match found"
1140632308,"No image match found"
1140632659,"No image match found"
1140632660,"No image match found"
1140632662,"No image match found"
1140632664,"No image match found"
1140632665,"No image match found"
1140632685,"No image match found"
1140632694,"No image match found"
1140632715,"No image match found"
1140632730,"No image match found"
1140632731,"No image match found"
1140632732,"No image match found"
1140632745,"No image match found"
1140632746,"No image match found"
1140632794,"No image match found"
1140632827,"No image match found"
1140632829,"No image match found"
1140632834,"No image match found"
1140632837,"No image match found"
1140632838,"No image match found"
1140632842,"No image match found"
1140632850,"No image match found"
1140632851,"No image match found"
1140632852,"No image match found"
1140632865,"No image match found"
1140632926,"No image match found"
1140632927,"No image match found"
1140632974,"No image match found"
1140632978,"No image match found"
1140632980,"No image match found"
1140633008,"No image match found"
1140633009,"No image match found"
1140633020,"No image match found"
1140633037,"No image match found"
1140633038,"No image match found"
1140633039,"No image match found"
1140633051,"No image match found"
1140633052,"No image match found"
1140633053,"No image match found"
1140633054,"No image match found"
1140633057,"No image match found"
1140633058,"No image match found"
1140633062,"No image match found"
1140633063,"No image match found"
1140633064,"No image match found"
1140633065,"No image match found"
1140633124,"No image match found"
1140633169,"No image match found"
1140633170,"No image match found"
1140633171,"No image match found"
1140633173,"No image match found"
1140633174,"No image match found"
1140633175,"No image match found"
1140633217,"No image match found"
1140633218,"No image match found"
1140633219,"No image match found"
1140633220,"No image match found"
1140633403,"No image match found"
1140633448,"No image match found"
1140633449,"No image match found"
1140633450,"No image match found"
1140633451,"No image match found"
1140633452,"No image match found"
1140633453,"No image match found"
1140633454,"No image match found"
1140633455,"No image match found"
1140633456,"No image match found"
1140633457,"No image match found"
1140633462,"No image match found"
1140633463,"No image match found"
1140633464,"No image match found"
1140633465,"No image match found"
1140633466,"No image match found"
1140633470,"No image match found"
1140633472,"No image match found"
1140633473,"No image match found"
1140633474,"No image match found"
1140633475,"No image match found"
1140633476,"No image match found"
1140633503,"No image match found"
1140633504,"No image match found"
1140633505,"No image match found"
1140633526,"No image match found"
1140633528,"No image match found"
1140633610,"No image match found"
1140633611,"No image match found"
1140633623,"No image match found"
1140633624,"No image match found"
1140633625,"No image match found"
1140633626,"No image match found"
1140633627,"No image match found"
1140633749,"No image match found"
1140635260,"No image match found"
1140635261,"No image match found"
1140635262,"No image match found"
1140635263,"No image match found"
1140635264,"No image match found"
1140635265,"No image match found"
1140635266,"No image match found"
1140635370,"No image match found"
1140637279,"No image match found"
1140637280,"No image match found"
1140637281,"No image match found"
1140637282,"No image match found"
1140637283,"No image match found"
1140637284,"No image match found"
1140637285,"No image match found"
1140637286,"No image match found"
1140637487,"No image match found"
1140638186,"No image match found"
1140638500,"No image match found"
1140638560,"No image match found"
1140638571,"No image match found"
1140638803,"No image match found"
1140639635,"No image match found"
1140639641,"No image match found"
1140639642,"No image match found"
1140639643,"No image match found"
1140639644,"No image match found"
1140639645,"No image match found"
1140639646,"No image match found"
1140639647,"No image match found"
1140639648,"No image match found"
1140639649,"No image match found"
1140639787,"No image match found"
1140640294,"No image match found"
1140640745,"No image match found"
1140640746,"No image match found"
1140640747,"No image match found"
1140640748,"No image match found"
1140640765,"No image match found"
1140640766,"No image match found"
1140640767,"No image match found"
1140640781,"No image match found"
1140640791,"No image match found"
1140640792,"No image match found"
1140640793,"No image match found"
1140640795,"No image match found"
1140640796,"No image match found"
1140640797,"No image match found"
1140641010,"No image match found"
1140641011,"No image match found"
1140641012,"No image match found"
1140641013,"No image match found"
1140641014,"No image match found"
1140641015,"No image match found"
1140641039,"No image match found"
1140641674,"No image match found"
1140641675,"No image match found"
1140641679,"No image match found"
1140641680,"No image match found"
1140641776,"No image match found"
1140642086,"No image match found"
1140642096,"No image match found"
1140642098,"No image match found"
1140642110,"No image match found"
1140642111,"No image match found"
1140642112,"No image match found"
1140642113,"No image match found"
1140642119,"No image match found"
1140642122,"No image match found"
1140642126,"No image match found"
1140642128,"No image match found"
1140642137,"No image match found"
1140642138,"No image match found"
1140642140,"No image match found"
1140642149,"No image match found"
1140642150,"No image match found"
1140642151,"No image match found"
1140642152,"No image match found"
1140642153,"No image match found"
1140642382,"No image match found"
1140642385,"No image match found"
1140642400,"No image match found"
1140642405,"No image match found"
1140642659,"No image match found"
1140643675,"No image match found"
1140643676,"No image match found"
1140643677,"No image match found"
1140643678,"No image match found"
1140643679,"No image match found"
1140643680,"No image match found"
1140643841,"No image match found"
1140643842,"No image match found"
1140643843,"No image match found"
1140643912,"No image match found"
1140643913,"No image match found"
1140644733,"No image match found"
1140644734,"No image match found"
1140644735,"No image match found"
1140644736,"No image match found"
1140644737,"No image match found"
1140644738,"No image match found"
1140644739,"No image match found"
1140644740,"No image match found"
1140644741,"No image match found"
1140644743,"No image match found"
1140644744,"No image match found"
1140645921,"No image match found"
1140645922,"No image match found"
1140647947,"No image match found"
1140647948,"No image match found"
1140647949,"No image match found"
1140647950,"No image match found"
1140647951,"No image match found"
1140647952,"No image match found"
1140647953,"No image match found"
1140647954,"No image match found"
1140648909,"No image match found"
1140648926,"No image match found"
1140648927,"No image match found"
1140648928,"No image match found"
1140648929,"No image match found"
1140648931,"No image match found"
1140648932,"No image match found"
1140648934,"No image match found"
1140648935,"No image match found"
1140648937,"No image match found"
1140648938,"No image match found"
1140648939,"No image match found"
1140648940,"No image match found"
1140649135,"No image match found"
1140649146,"No image match found"
1140649147,"No image match found"
1140649148,"No image match found"
1140649149,"No image match found"
1140651157,"No image match found"
1140651164,"No image match found"
1140651337,"No image match found"
1140654664,"No image match found"
1140657122,"No image match found"
1140657868,"No image match found"
1140657870,"No image match found"
1140657876,"No image match found"
1140657880,"No image match found"
1140658024,"No image match found"
1140658027,"No image match found"
1140658047,"No image match found"
1140658054,"No image match found"
1140658097,"No image match found"
1140658982,"No image match found"
1140658983,"No image match found"
1140658984,"No image match found"
1140658985,"No image match found"
1140659096,"No image match found"
1140659097,"No image match found"
1140659098,"No image match found"
1140659100,"No image match found"
1140659101,"No image match found"
1140659102,"No image match found"
1140659103,"No image match found"
1140659104,"No image match found"
1140659105,"No image match found"
1140659112,"No image match found"
1140659416,"No image match found"
1140659420,"No image match found"
1140659421,"No image match found"
1140659611,"No image match found"
1140659612,"No image match found"
1140659614,"No image match found"
1140659615,"No image match found"
1140660259,"No image match found"
1140660260,"No image match found"
1140660631,"No image match found"
1140660652,"No image match found"
1140660653,"No image match found"
1140660654,"No image match found"
1140660663,"No image match found"
1140660664,"No image match found"
1140660665,"No image match found"
1140660675,"No image match found"
1140660679,"No image match found"
1140660680,"No image match found"
1140660681,"No image match found"
1140660682,"No image match found"
1140660695,"No image match found"
1140660702,"No image match found"
1140660704,"No image match found"
1140660705,"No image match found"
1140660706,"No image match found"
1140660707,"No image match found"
1140660708,"No image match found"
1140660710,"No image match found"
1140660834,"No image match found"
1140660901,"No image match found"
1140660952,"No image match found"
1140660953,"No image match found"
1140660954,"No image match found"
1140660956,"No image match found"
1140661010,"No image match found"
1140661264,"No image match found"
1140661265,"No image match found"
1140661350,"No image match found"
1140661351,"No image match found"
1140661352,"No image match found"
1140661353,"No image match found"
1140661354,"No image match found"
1140661355,"No image match found"
1140661356,"No image match found"
1140661357,"No image match found"
1140661358,"No image match found"
1140661359,"No image match found"
1140661360,"No image match found"
1140661361,"No image match found"
1140661362,"No image match found"
1140661363,"No image match found"
1140661820,"No image match found"
1140661821,"No image match found"
1140661901,"No image match found"
1140661903,"No image match found"
1140661905,"No image match found"
1140661906,"No image match found"
1140661907,"No image match found"
1140661924,"No image match found"
1140661925,"No image match found"
1140661926,"No image match found"
1140662181,"No image match found"
1140662187,"No image match found"
1140662420,"No image match found"
1140662422,"No image match found"
1140662423,"No image match found"
1140662424,"No image match found"
1140662425,"No image match found"
1140662426,"No image match found"
1140662427,"No image match found"
1140662428,"No image match found"
1140663682,"No image match found"
1140663683,"No image match found"
1140663684,"No image match found"
1140663713,"No image match found"
1140663714,"No image match found"
1140665939,"No image match found"
1140665940,"No image match found"
1140665941,"No image match found"
1140665942,"No image match found"
1140665943,"No image match found"
1140666042-1,"No image match found"
1140669239,"No image match found"
1140671624,"No image match found"
1140671625,"No image match found"
1140671627,"No image match found"
1140671671,"No image match found"
1140671672,"No image match found"
1140671673,"No image match found"
1140671674,"No image match found"
1140671676,"No image match found"
1140671677,"No image match found"
1140672337,"No image match found"
1140673457,"No image match found"
1140673460,"No image match found"
1634809,"No image match found"
1660903,"No image match found"
1738406,"No image match found"
1738506,"No image match found"
1738806,"No image match found"
1739006,"No image match found"
1739306,"No image match found"
1739406,"No image match found"
1739706,"No image match found"
1739806,"No image match found"
1758107,"No image match found"
1761603,"No image match found"
1828303,"No image match found"
1828503,"No image match found"
1829103,"No image match found"
1829203,"No image match found"
1829603,"No image match found"
1858303,"No image match found"
1942209,"No image match found"
1942309,"No image match found"
1966803,"No image match found"
1967003,"No image match found"
1977503,"No image match found"
2063409,"No image match found"
2067309,"No image match found"
2249903,"No image match found"
2296311,"No image match found"
2343008,"No image match found"
2442211,"No image match found"
2443711,"No image match found"
2469311,"No image match found"
2556908,"No image match found"
2581612,"No image match found"
2581712,"No image match found"
2581812,"No image match found"
2581912,"No image match found"
2582012,"No image match found"
2582112,"No image match found"
2582312,"No image match found"
2582412,"No image match found"
2602508,"No image match found"
2731612,"No image match found"
332603,"No image match found"
340503,"No image match found"
461704,"No image match found"
497403,"No image match found"
B0000037,"No image match found"
G0000001,"No image match found"
